Company Identifier,Total S1+S2 (tCo2e),Subsector Name,Charlie (milUSD),Alpha (milUSD),Romeo (milUSD),Echo
1,6399,Software,NULL,NULL,NULL,NULL
2,59990,Software,1270.020324,1061.630736,8869.070062,21357
3,296160,Specialty Chemicals,6292.864579,2018.705686,10689.43926,34500
4,960000,Specialty Chemicals,2107.656246,2956.230233,3302.499773,5900
5,253641,Health Care  Services,8208.619341,1746.387752,11090.10531,61000
6,5257,Diversified Banks,NULL,381.1057645,3684.02239,9831
7,9690000,Software,136168.7309,60470.40059,227887.6027,647500
8,7821702,Oil & Gas Exploration & Production,5170.568097,15737.7454,6008.192301,1708
9,12487,Capital Markets,1712.726219,-458.6383927,5126.240555,7459
10,1010030,Specialty Chemicals,2724.917214,1874.182466,3694.083713,6000
11,259857,Automobiles,3608.669316,762.0176315,4667.360832,11835
12,3919161,Cement Manufacturers,2003.026598,1705.382947,2685.684083,5878
13,1.21E+07,Paper & Related Products,NULL,NULL,NULL,NULL
14,1.09E+07,Oil & Gas Storage & Transportation,2288.391551,13487.99573,3690.418312,6241
15,59474,Diversified Banks,NULL,1390.736613,27518.83084,39924
16,163769,Paper & Related Products,178.1720051,101.3182817,298.1732306,1000
17,2722,Software,297.8836927,146.7363896,2527.257403,9600
18,410664,Auto Parts,6857.5589,1653.818535,8491.90463,58000
19,716311,Specialty Chemicals,5136.710857,-1112.983375,7005.317375,30180
20,2030000,Industrial Conglomerates,3697.398121,1941.520858,5107.437078,NULL
21,1043546,Paper & Related Products,1875.696249,5910.681708,3617.379371,37000
22,706954,Oil & Gas Equipment & Services,17800.49286,6094.3032,22385.89825,66000
23,73726,Specialty Chemicals,429.9937978,190.1671146,629.8611095,1135
24,258732.9,Diversified Banks,NULL,7802.274379,49782.80664,125627
25,51168.67,Diversified Banks,NULL,2196.659536,61643.61044,98605
26,49439,Diversified Banks,NULL,532.7119474,3342.960448,16067
27,30849,Diversified Banks,NULL,367.378986,3079.845583,NULL
28,23318,Diversified Banks,NULL,1135.18207,6967.58265,31040
29,29048.3,Diversified Banks,NULL,988.3304108,3850.193685,9796
30,141414,Diversified Banks,NULL,2266.593595,24834.04943,45454
31,10490,Capital Markets,NULL,1792.672361,18775.11167,51300
32,125466,Diversified Banks,NULL,2081.264868,31262.39733,97629
33,20273,Regional Banks,NULL,NULL,NULL,NULL
34,6621.12,Diversified Banks,NULL,435.3255662,3267.190848,7961
35,351051,Diversified Banks,NULL,29953.75823,99459.36562,188759
36,249942,Diversified Banks,NULL,3298.185709,37472.14238,83500
37,5450000,Specialty Chemicals,19644.26986,14948.5849,45716.52362,116998
38,1120325,Automobiles,85002.75361,67412.99028,112576.3331,134682
39,390661,Auto Parts,8120.747082,2841.463974,10305.81116,30000
40,1983378,Paper & Related Products,2701.72947,1482.477416,3675.369753,7400
41,144221.44,Computer Storage & Peripherals,3595.379412,1032.136239,6085.952976,37769
42,3.81E+07,Cement Manufacturers,21205.46547,18471.225,30948.70451,90000
43,59868,Diversified Banks,NULL,4838,33257,45680
44,2.50E+07,Oil & Gas Exploration & Production,12079.92901,48741.75855,15875.2917,9709
45,1126159,Computer Storage & Peripherals,18758.81911,9670.14079,35028.47609,195056
46,170695,Regional Banks,NULL,4101.031585,31819.9344,47600
47,960405,Paper & Related Products,3016.962269,1892.018881,3509.974372,11700
48,4.71E+07,Cement Manufacturers,9412.848202,11428.58499,14097.58019,42024
49,2320000,Oil & Gas Exploration & Production,8184.449577,8821.474527,10044.64071,2350
50,2.35E+07,Cement Manufacturers,6345.577546,4635.292465,8151.159739,13083
51,46222,Regional Banks,NULL,464.8031503,3501.190888,8051
52,87000,Regional Banks,NULL,773.0410289,5068.800671,15693
53,5035.830078,Diversified Banks,NULL,132.9592674,2326.916096,6759
54,96017,Diversified Banks,NULL,1955.941337,31911.60811,45753
55,424000,Oil & Gas Equipment & Services,911.3629394,191.1390792,1168.326174,5099
56,1920,Diversified Banks,NULL,1739.228125,18615.2843,18830
57,36756,Diversified Banks,NULL,848.4372857,3664.21413,10810
58,31708,Capital Markets,2442.213172,1495.648579,6528.546221,15196
59,542129.47,Auto Parts,6804.718121,1810.285954,7968.193796,30900
60,27794.53,Software,788.0805264,205.7971128,4015.930865,16055
61,16396,Diversified Banks,NULL,1203.656444,14199.05534,20683
62,156599,Diversified Banks,NULL,-2795.930473,44275.25091,91737
63,49686,Diversified Banks,NULL,1031.360607,13346.76364,26000
64,665641,Specialty Chemicals,8424.092296,3753.652389,14353.31699,49000
65,75426,Regional Banks,NULL,2327.929883,7320.404984,17437
66,109143,Regional Banks,NULL,2362.178537,6254.782604,19969
67,4662679,Automobiles,134628.5201,63895.26591,156896.0158,199000
68,38724.88,Capital Markets,2092.689048,528.0082251,6186.282535,9700
69,766000,Health Care  Services,13154.25927,4430.077345,19109.90877,112658
70,678838.99,Automobiles,22796.84881,6383.340472,28122.1155,34200
71,169364,Specialty Chemicals,NULL,NULL,3002.981374,6500
72,5669085,Automobiles,122467.3126,80549.89668,143892.2915,173000
73,1.54E+07,Cement Manufacturers,2170.740937,2033.628133,3665.768625,11175
74,11555,Regional Banks,NULL,308.1540231,1295.506848,3713
75,1309109,Oil & Gas Equipment & Services,20557.99871,8768.633747,23479.89809,60000
76,20706.2,Diversified Banks,NULL,3809.242147,8248.11419,10352
77,144249,Automobiles,3661.919817,884.7229514,5594.150547,5300
78,2378493,Hotels,6830.159977,359.1215919,8714.814435,169000
79,2.66E+07,Aluminum,15101.44127,9751.935457,18472.06382,23555
80,5470000,Automobiles,113262.5219,66117.94611,141376.22,219722
81,2516090,Industrial Conglomerates,25830.33423,5182.310493,40913.44109,114000
82,395571,Diversified Banks,NULL,10313.51465,84494.85575,235217
83,2751306,Automobiles,72515.56276,45336.37083,86109.75138,69402
84,291938.41,Hotels,447.5996327,760.981541,636.5711943,10125
85,65686.01,Diversified Banks,NULL,NULL,NULL,NULL
86,210426,Specialty Chemicals,2281.957427,1214.508126,3892.152964,13000
87,1.25E+07,Paper & Related Products,16487.30164,13179.86028,22805.68889,53000
88,301446,Gambling,1524.409515,3921.900952,3694.550248,21000
89,20412,Diversified Banks,NULL,1915.922616,37195.92262,54804
90,9667,Software,960.9386294,793.7763653,5830.150545,8900
91,31499,Capital Markets,NULL,357.0177308,5940.173792,10573
92,19534,Diversified Banks,NULL,505.8312875,5758.161642,10367
93,220388,Automobiles,15809.63964,6507.466963,19123.20298,37263
94,2310799,Auto Parts,21752.95194,6090.352817,30989.64162,122000
95,96066,Industrial Conglomerates,645.7152787,1040.51226,812.3623329,20713
96,60554.38,Regional Banks,NULL,863.0660602,7165.796778,18180
97,1151508,Automobiles,41022.54064,13166.76098,48181.21501,35921
98,502348,Auto Parts,18433.70153,2542.326452,20696.75468,169000
99,103140,Computer Storage & Peripherals,NULL,NULL,NULL,NULL
100,553,Computer Storage & Peripherals,1747.266864,78.2299368,2762.020991,6600
101,815676,Gambling,7923.102019,20284.87842,11510.57701,55000
102,2120298,Auto Parts,35561.81654,8347.344948,39958.6036,174000
103,6836301,Hotels,16938.40533,1914.010446,20312.38694,176000
104,184027,Hotels,659.3760027,4116.856508,1301.77797,11504
105,680191,Specialty Chemicals,1325.912145,1079.223988,1768.796157,3720
106,8680018,Industrial Conglomerates,125589.5104,19299.32912,143290.5797,79994
107,116692,Diversified Banks,NULL,909.7071459,25308.67495,33283
108,5736,Diversified Banks,NULL,466.0358367,8272.32996,23450
109,1330000,Oil & Gas Equipment & Services,6864.40863,2736.956656,8273.496076,35063
110,143275.61,Diversified Banks,NULL,695.8683194,7976.681144,30877
111,9822.5,Software,6280.0352,725.6283375,10682.53043,5944
112,1980000,Auto Parts,36148.65936,NULL,NULL,171992
113,3229327,Automobiles,86552.24515,47209.86902,102987.1442,140564
114,812810,Specialty Chemicals,5023.857319,2376.937764,7176.157278,26001
115,57434,Capital Markets,1250.705638,3108.634508,16376.55513,27864
116,8330,Diversified Banks,NULL,623.0811156,14180.2477,28990
117,1.28E+07,Aluminum,16005.13833,8575.693313,19169.52935,36236
118,37682,Capital Markets,NULL,419.0078083,6528.282563,18800
119,569830,Oil & Gas Exploration & Production,772.0516323,6740.078262,1503.961038,-1410
120,7931000,Paper & Related Products,10501.75955,8762.342562,13800.65016,36309
121,379532,Software,9586.352249,6188.958515,39107.64477,136000
122,130151.9,Industrial Conglomerates,3718.511262,1534.745883,4886.770412,18510
123,246508,Regional Banks,NULL,5604.058193,19096.07048,53063
124,344950,Oil & Gas Equipment & Services,573.483481,1106.285863,855.917732,1715
125,1185471,Automobiles,69176.47059,16325.18511,85491.26191,NULL
126,769615,Paper & Related Products,1344.071541,1569.027795,1953.602998,3282
127,1193857,Oil & Gas Exploration & Production,965.9996199,2302.189711,1368.458661,767
128,217238,Health Care  Services,4841.781027,1260.350437,7369.331632,46000
129,242420,Health Care  Services,5747.819112,3123.099216,6967.460151,60000
130,34228,Gambling,486.7007683,220.3515886,-887.8305989,10000
131,3.05E+07,Oil & Gas Refining & Marketing,64235.20118,64741.60818,80369.82769,194056
132,1216710,Automobiles,53373.28489,16519.20259,66311.24816,183002
133,256243,Hotels,1762.324447,3644.669558,2408.078314,21075
134,362325,Computer Storage & Peripherals,11311.17994,2227.042792,17913.6148,92663
135,8901624.48,Paper & Related Products,13015.45209,8963.803185,16072.96514,45100
136,126183,Diversified Banks,NULL,2196.029101,44498.28035,84000
137,87694,Diversified Banks,NULL,5681.079184,21643.20123,67000
138,406000,Specialty Chemicals,969.0480213,766.3690465,1209.722086,5031
139,599000,Oil & Gas Exploration & Production,1230.735137,5705.987078,1604.945707,611
140,1.52E+07,Industrial Conglomerates,120322.081,102657.1385,216821.9218,103011
141,5880000,Oil & Gas Exploration & Production,2367.932112,11781.28541,3666.475529,2190
142,226701,Software,8617.609742,4103.238731,28534.42797,-96498
143,5728404.83,Paper & Related Products,4720.533252,3569.608282,5514.570636,12645
144,2060000,Oil & Gas Equipment & Services,27904.82408,11428.2863,32110.55869,100000
145,151467,Waste & Disposal Services,1971.865721,407.7256337,2319.291339,3575
146,53809,Capital Markets,1539.232327,1731.024785,10753.09857,19500
147,107348,Oil & Gas Equipment & Services,799.2050831,334.4184896,1063.692109,NULL
148,1458000,Industrial Conglomerates,67626.22468,13228.61524,96525.53586,379000
149,202755,Diversified Banks,NULL,28335.79103,48413.13562,149022
150,274052,Software,37984.15828,35231.59829,107387.8532,131000
151,1163785,Diversified Banks,NULL,5776.992888,47174.37725,257252
152,88492,Capital Markets,NULL,2166.471947,11996.81394,40142
153,77199.639,Regional Banks,NULL,1980.550687,10207.07718,22899
154,180000,Paper & Related Products,1686.033405,5717.470565,2111.764159,4121
155,73000,Software,1242.480765,780.8749441,4676.353621,11900
156,55911.05,Software,769.3135795,306.0422046,3086.993329,13245
157,21006,Gambling,NULL,NULL,NULL,5000
158,490320.03,Automobiles,37710.03842,11573.54444,43841.47751,82797
159,643469,Oil & Gas Equipment & Services,10051.29474,3189.821704,12289.591,37000
160,1480000,Specialty Chemicals,5677.901598,2383.646823,7906.626104,20671
161,61103,Diversified Banks,NULL,4128.41064,41180.19824,NULL
162,1174736,Industrial Conglomerates,24709.5535,3432.11971,32864.94867,128697
163,7790000,Automobiles,220651.5296,95079.05881,268935.729,370870
164,109315,Automobiles,3456.685995,481.7839316,3973.148317,NULL
165,67233,Diversified Banks,NULL,1371.964016,10347.59303,22024
166,296655,Diversified Banks,NULL,2404.255453,24561.177,73333
167,70100,Diversified Banks,NULL,1643.231606,10410.44517,26153
168,199049,Hotels,1318.410732,1590.699487,1966.407917,33800
169,22513,Oil & Gas Exploration & Production,38.00797961,167.4212892,53.22423131,180
170,8359513,Automobiles,217501.6793,116843.5628,272373.9802,664496
171,101289,Diversified Banks,NULL,8728.513896,99262.38225,258700
172,1153798.6,Computer Storage & Peripherals,12621.42329,3016.704385,20124.6835,71600
173,3691718,Aluminum,NULL,NULL,2699.760128,NULL
174,128339,Diversified Banks,NULL,1008.340948,29036.27396,35029
175,1.16E+07,Oil & Gas Storage & Transportation,5969.050983,26913.5702,8499.537187,5322
176,1.33E+07,Oil & Gas Exploration & Production,2786.090513,19799.58068,5131.49887,3662
177,2464970,Oil & Gas Equipment & Services,7920.163642,3446.381683,8637.635679,75833
178,312.41,Capital Markets,133.8633073,102.0609865,2334.094641,4450
179,1611,Capital Markets,NULL,10.62313914,430.9863875,1699
180,4875,Oil & Gas Exploration & Production,374.2575314,1056.776431,401.7735875,201
181,1008,Capital Markets,57.85273649,21.98529334,444.6061402,NULL
182,199185,Specialty Chemicals,1202.284007,1018.833851,1810.868472,4580
183,6367,Capital Markets,204.6567872,47.1592121,1047.764413,1435
184,35171,Oil & Gas Equipment & Services,654.3141875,369.2771347,892.4602672,2772
185,584,Capital Markets,NULL,16.39333767,276.7351526,336
186,235470,Oil & Gas Exploration & Production,57.13841239,177.8455904,90.94301338,575
187,2477,Thrifts & Mortgage Finance,NULL,74.40127043,670.2663747,1367
188,21212.8,Regional Banks,NULL,588.4838041,3411.123327,6306
189,5004,Capital Markets,NULL,292.1559278,1265.664446,3219
190,12832,Software,259.3565413,168.9747163,2418.041289,13003
191,268.9,Capital Markets,3.903175636,5.204234182,502.2085985,287
192,2925,Specialty Chemicals,110.7216653,26.24740593,146.9202411,NULL
193,37920,Specialty Chemicals,154.5660196,331.9239776,427.0213761,921
194,311892,Specialty Chemicals,1802.381454,483.1071703,2113.789724,2963
195,1.18E+07,Industrial Conglomerates,NULL,1379.094243,11426.65623,64294
196,4360000,Industrial Conglomerates,15085.64054,7810.636356,18658.88102,NULL
197,16631,Diversified Banks,NULL,485.2701403,3892.06447,NULL
198,66069.42,Diversified Banks,NULL,2068.856132,41368.52131,96889
199,8330,Oil & Gas Equipment & Services,508.8870382,120.2783344,685.8009025,4700
200,8230336,Cement Manufacturers,2313.631785,3799.088496,2790.666601,2932
201,2371131.495,Paper & Related Products,4068.899101,11415.38063,6152.522973,17472
202,301746,Industrial Conglomerates,19349.99274,14722.67283,23505.60148,NULL
203,14591.78,Diversified Banks,NULL,428.8636061,5388.597597,34024
204,72643.46,Diversified Banks,NULL,900.4771745,10104.80615,30548
205,3358000,Cement Manufacturers,639.3875362,1030.652673,865.1785331,2729
206,252729.66,Industrial Conglomerates,1039.93409,1319.905992,1446.970162,129000
207,705400.95,Paper & Related Products,1541.037221,4534.764915,2696.468874,NULL
208,54977,Diversified Banks,NULL,1965.72579,52609.41226,100335
209,620789.58,Auto Parts,2233.858918,914.8418374,2588.743762,15000
210,617168,Automobiles,53370.97516,16506.49907,68423.49799,91674
211,3787,Diversified Banks,NULL,443.2802829,840.6754317,3678
212,11459,Diversified Banks,NULL,909.3437612,2802.159819,11876
213,3812,Capital Markets,34.6,24.1,1067.2,925
214,33378.5,Diversified Banks,NULL,1166.414613,2819.027792,12616
215,502063,Waste & Disposal Services,838.5828145,80.36827654,796.5907336,2613
216,217039,Industrial Conglomerates,2838.133894,949.812574,3253.758602,16365
217,90133,Industrial Conglomerates,1018.5,566.2,1361.6,8305
218,177.2,Capital Markets,8.007374603,0.975205007,52.06711357,71
219,3550000,Paper & Related Products,9055.303938,6572.342139,12109.92438,26129
220,7645,Health Care  Services,1577.602113,355.8077708,2721.704252,10515
221,930000,Specialty Chemicals,4679,2081,6623,17901
222,27651,Auto Parts,433.3873765,84.78583905,576.3860692,2309
223,580512,Auto Parts,2243.826016,1202.725908,3048.85882,10634
224,1335000,Industrial Conglomerates,3671.331505,3291.239558,6846.7773,26147
225,17.8,Capital Markets,NULL,1.238571354,-922.1726718,NULL
226,26,Capital Markets,NULL,6.080259374,-1493.604456,NULL
227,47733,Waste & Disposal Services,758.9779044,181.0829815,926.4334676,8600
228,82036,Hotels,1089.309987,1891.344759,1863.24687,11055
229,60440,Diversified Banks,NULL,919.9177087,4242.101953,41128
230,382663,Industrial Conglomerates,25432.68899,3315.158205,26590.09565,81003
231,477579,Paper & Related Products,1960.269469,869.8450359,2245.174899,2352
232,11482.7002,Specialty Chemicals,349.3672835,119.7806219,491.2297501,1280
233,58954,Diversified Banks,0,1207.989787,1940.174801,13577
234,199070.32,Automobiles,6214.558484,868.1422191,6925.74062,10598
235,16,Capital Markets,1514.434974,178.5794698,2617.101271,NULL
236,18726,Specialty Chemicals,NULL,NULL,606.1902937,1804
237,2694.74,Automobiles,513.516418,130.2604398,516.0805034,1529
238,157014,Auto Parts,1582.987465,451.3308534,1875.237844,NULL
239,2215511,Oil & Gas Refining & Marketing,4221.085873,1631.75399,4487.412975,3503
240,4840413,Paper & Related Products,1880.689,2498.400431,2538.358295,6054
241,2984,Diversified Banks,NULL,178.9679702,702.8560285,2098
242,89071,Diversified Banks,NULL,4127.910147,14865.51593,24570
243,10922.47,Software,1394.962585,106.5941275,1847.208092,15190
244,4297000,Oil & Gas Refining & Marketing,8012.076281,3776.501782,8493.876879,NULL
245,1221006,Oil & Gas Exploration & Production,1020.737966,5040.294573,1905.560325,990
246,655,Capital Markets,NULL,175.5,1433.8,1430
247,1.59E+07,Cement Manufacturers,2667.145596,2085.734106,2982.400904,8844
248,2044,Regional Banks,NULL,445,1142.6,1896
249,21406.59,Diversified Banks,NULL,689.0317274,8805.434484,18448
250,5775,Specialty Chemicals,180.5010144,35.9660733,246.0094861,540
251,1876000,Oil & Gas Exploration & Production,224.1875935,373.6105347,272.6450155,502
252,43252,Hotels,1889.609497,679.5252838,2027.541307,18907
253,184841,Hotels,1263.307866,2144.356257,2114.923343,NULL
254,8106,Software,994.6609795,184.1715739,2124.887104,15985
255,5860329,Cement Manufacturers,282.6326346,175.2759843,356.8900285,1094
256,14869.2,Oil & Gas Equipment & Services,317.1354297,167.112568,485.2862222,1646
257,112044,Auto Parts,1164.96493,688.6929208,1294.011991,7337
258,452856.01,Auto Parts,NULL,NULL,NULL,9962
259,125139,Auto Parts,1993.782867,1146.750814,2274.646858,8660
260,399251,Hotels,241.3849249,429.6398904,334.4399941,7413
261,34860,Auto Parts,1571.405779,666.44803,1899.660285,8946
262,1.34E+07,Coal,4099.99369,7023.928536,5622.091715,6280
263,25148,Industrial Conglomerates,1089.118911,45.47775626,1153.301229,8733
264,18812.09961,Hotels,NULL,NULL,96.61402759,1310
265,13154,Specialty Chemicals,NULL,NULL,441.6767555,1293
266,38739,Specialty Chemicals,1906.300161,780.3535956,2745.146036,20059
267,1.72E+07,Cement Manufacturers,1231.731621,1090.770771,2093.735595,15043
268,35860,Diversified Banks,NULL,301.9703822,1888.299656,18909
269,49538,Diversified Banks,NULL,847.0974113,3878.241218,9427
270,31882.44,Diversified Banks,NULL,776.8463241,3695.261642,9740
271,1.95E+08,Cement Manufacturers,12221.17948,9061.770394,18988.40286,43884
272,81226,Software,3638.481113,1191.142718,8495.003465,12874
273,32570,Regional Banks,NULL,53.0746504,2255.027242,4426
274,438730,Industrial Conglomerates,1155.201647,655.5946683,1416.230183,6110
275,5440180,Oil & Gas Refining & Marketing,38704.41709,8005.180466,42327.22124,31309
276,596400,Oil & Gas Storage & Transportation,424.6807993,1623.406592,586.6989939,5210
277,17338.7,Diversified Banks,NULL,683.8265067,1587.887079,NULL
278,1489967.56,Paper & Related Products,1071.222488,973.5981016,1336.462872,3566
279,30.99999809,Capital Markets,1.015226713,4.874697891,95.45376849,157
280,21724,Auto Parts,827.4238542,430.538623,949.9914399,780
281,254786,Paper & Related Products,452.0411916,-686.9190597,579.187081,NULL
282,144367,Automobiles,2839.81935,1092.353582,3295.220059,5003
283,130753.0078,Auto Parts,1890.851309,590.7531156,2094.231896,7564
284,8215,Auto Parts,294.4280535,46.90248912,383.8194941,5174
285,140809,Industrial Conglomerates,1020.768535,523.7724768,1312.733563,31832
286,514748,Diversified Banks,NULL,481.6028613,17615.92789,98061
287,4157000,Oil & Gas Refining & Marketing,37271.82605,7240.095723,38979.50055,34381
288,10130.7998,Diversified Banks,NULL,327.7275441,1903.73415,8045
289,835.2,Capital Markets,NULL,55.98786902,380.7579115,359
290,1623.100098,Specialty Chemicals,47.41332079,23.22335455,70.69753737,197
291,253875,Gambling,479.92711,1269.731341,967.3542415,14632
292,1004052,Industrial Conglomerates,1351.12329,1049.506619,1673.342789,20163
293,8503,Capital Markets,NULL,263.9774008,1421.65583,535
294,2868.81,Regional Banks,NULL,77.52768101,287.0145516,982
295,19781,Gambling,1627.146561,6052.073732,2763.012005,22228
296,6370,Diversified Banks,NULL,428.9123987,2177.850828,12851
297,7910587,Oil & Gas Refining & Marketing,14143.67377,7418.190965,15702.62793,NULL
298,82989,Auto Parts,1950.894718,562.5999819,2342.289122,14663
299,179100,Industrial Conglomerates,13332.34315,6909.521929,16163.19168,3884
300,4141864,Oil & Gas Exploration & Production,2487.011162,8071.923726,5201.639932,3861
301,2261.14,Capital Markets,13.94367496,19.56245054,409.1417739,936
302,8066605.65,Cement Manufacturers,618.6494836,913.9602172,755.8124971,NULL
303,82820.871,Computer Storage & Peripherals,1864.351555,178.8008862,2103.323617,5795
304,222744,Hotels,1043.356066,4030.447597,2268.785123,NULL
305,224190,Capital Markets,0.946419676,0,604,46284
306,1096842,Hotels,1418.426815,5413.304851,2463.811569,30500
307,9011,Diversified Banks,NULL,82.03291634,704.0252539,4189
308,2.43E+07,Cement Manufacturers,1481.53737,2269.106736,2110.690699,9536
309,15032,Gambling,339.1855843,1042.195549,662.4977169,6000
310,8704000,Oil & Gas Refining & Marketing,21556.36602,8723.845249,22648.2689,3258
311,212801,Diversified Banks,NULL,NULL,NULL,53178
312,4486482,Cement Manufacturers,2964.922088,3041.429447,4043.466683,9993
313,2146,Diversified Banks,NULL,306.5758476,544.240022,NULL
314,94245.44,Industrial Conglomerates,729.5959892,634.104705,809.5752011,6809
315,4360531,Specialty Chemicals,934.9823038,729.1224663,1603.290513,4698
316,259399,Capital Markets,NULL,1175.869687,9649.928486,40856
317,140900,Specialty Chemicals,1791.693736,773.2001112,1976.143779,500
318,136550,Auto Parts,1280.940893,764.3967331,1504.74229,6597
319,1667070,Paper & Related Products,2109.20796,1626.698772,2480.695845,11454
320,274600,Auto Parts,2609.58373,1008.031675,3107.344304,22624
321,56410.39,Auto Parts,463.9186566,-169.2526451,533.201766,1865
322,16344.99902,Auto Parts,1290.239257,620.9527794,1580.321531,8829
323,108003,Auto Parts,1287.569871,424.9663936,1433.99464,7237
324,27670,Auto Parts,168.4869849,174.5920684,206.4109467,1184
325,2400000,Cement Manufacturers,970.7438501,776.3172233,1192.005592,1568
326,950653,Oil & Gas Refining & Marketing,14359.20852,2113.073768,15697.43917,-6600
327,3945000,Industrial Conglomerates,42766.47509,6384.143928,50564.42444,217000
328,765756,Specialty Chemicals,15251.02697,1849.970531,15840.99255,10420
329,2109984,Hotels,2398.656585,1376.600216,4169.066091,196020
330,6866,Diversified Banks,NULL,485.0437003,28324.24237,21652
331,723120,Auto Parts,17562.85496,3215.839733,20238.67937,114693
332,1045800,Auto Parts,18399.32437,5336.635569,22085.65649,113600
333,189948,Specialty Chemicals,1749.179605,1002.610736,2664.736545,6428
334,8.39E+07,Cement Manufacturers,15232.79741,14968.91054,20873.74016,57939
335,55770,Auto Parts,1739.690072,327.7509575,2054.275557,4645
336,101000,Hotels,412.3869817,NULL,NULL,7594
337,5109366,Oil & Gas Storage & Transportation,1406.690165,1210.278102,2192.752937,4079
338,41266,Industrial Conglomerates,956.5475155,422.7911166,1404.37859,7700
339,124199,Oil & Gas Equipment & Services,3539.347466,3031.168099,3545.114237,11847
340,70541,Diversified Banks,NULL,605.397282,9470.73216,43000
341,53837,Diversified Banks,NULL,2420.604795,18916.87319,29706
342,61509.2,Automobiles,2522.262161,765.9193419,2741.858256,8081
343,255147,Diversified Banks,NULL,9412.157518,87639.31259,202713
344,624147,Auto Parts,3646,1046,4572,15027
345,157000,Specialty Chemicals,4883.1,1214.2,7085.4,20060
346,338535,Specialty Chemicals,506.8437945,490.2507658,805.1139254,1519
347,414166,Specialty Chemicals,12685.32082,1653.645411,13979.87407,14795
348,5713,Capital Markets,831.0749025,325.6403467,3465.053537,5976
349,66383.29,Industrial Conglomerates,2294.864784,413.4891503,4150.397346,21700
350,50437,Diversified Banks,NULL,11137.57882,34388.09066,80117
351,5340.88,Diversified Banks,NULL,260.0759764,1125.018904,3027
352,147950,Diversified Banks,NULL,6653.549707,23468.94363,85402
353,63204,Automobiles,129.3449868,8.084061672,118.97828,935
354,730000,Waste & Disposal Services,1697.619076,705.3053652,2043.224257,7035
355,48867,Diversified Banks,NULL,823.6015423,8326.789933,13757
356,257730,Capital Markets,8802.734755,1535.971718,9688.401454,NULL
357,1523000,Health Care  Services,27384.18148,11971.34047,38722.65541,276750
358,8644,Diversified Banks,NULL,146.3766146,7840.381866,NULL
359,39815.2,Cement Manufacturers,429.2440421,171.5368595,534.782622,1799
360,4102,Regional Banks,NULL,43.36625662,1733.128642,2039
361,480348,Auto Parts,7314.192227,1909.025757,8366.583459,25129
362,2.06E+07,Cement Manufacturers,2343.351209,3533.053694,3318.453038,9880
363,1673468,Waste & Disposal Services,674.5988558,5866.993405,1923.224742,5382
364,2277341,Paper & Related Products,5617.705953,3883.111506,7982.238876,31355
365,8527202,Cement Manufacturers,884.524537,911.76667,1381.434485,3083
366,5015.79,Capital Markets,NULL,243.3768218,3385.365056,NULL
367,127991,Diversified Banks,NULL,7141.694519,30424.83267,97775
368,6350000,Paper & Related Products,9504.546794,7080.483159,12084.51733,18978
369,97880.79,Diversified Banks,NULL,1469.131672,8531.318058,NULL
370,100626,Diversified Banks,NULL,8228.419916,38607.16881,92117
371,781,Diversified Banks,NULL,1111.367708,9020.120119,9638
372,75200.6,Paper & Related Products,1340.584595,3093.838645,1807.75119,NULL
373,1384500,Oil & Gas Equipment & Services,8562.176176,4995.950113,9846.387116,NULL
374,12790,Capital Markets,NULL,206.4871006,3338.500915,4557
375,370309,Auto Parts,27334.45569,7141.835343,31263.39162,10070
376,1.21E+07,Cement Manufacturers,1390.456298,1903.094365,1720.862292,5365
377,8987517,Coal,2208.940575,1826.739139,3414.204781,NULL
378,20427,Diversified Banks,NULL,1308.102233,6946.786403,NULL
379,1.34E+07,Cement Manufacturers,747.6320172,1006.743574,1044.785578,5684
380,1413,Capital Markets,NULL,39.5671428,1362.631353,2293
381,58940,Specialty Chemicals,610.9870683,172.0953731,762.5993459,1677
382,2825278,Auto Parts,31659.73828,13165.60302,35975.41616,119732
383,376000,Paper & Related Products,722.4962568,512.9671815,860.5747429,1412
384,618000,Specialty Chemicals,5582.752373,2022.244243,7139.629866,20620
385,2096000,Specialty Chemicals,2948.115376,1756.741311,4136.295074,12319
386,72006,Diversified Banks,NULL,3389.311642,7266.195698,21600
387,219331.26,Specialty Chemicals,1698.397412,668.5123559,2232.870954,4888
388,27283,Health Care  Services,1084.910018,487.1898021,1614.222745,NULL
389,73475,Auto Parts,3846.800066,1073.600715,4108.23092,NULL
390,115378,Industrial Conglomerates,895.2767726,591.5628297,1251.995841,6607
391,834473,Specialty Chemicals,4527.404744,1972.934956,6059.730699,22989
392,51552,Specialty Chemicals,NULL,NULL,334.1004637,731
393,1077743,Specialty Chemicals,3145.169516,1632.392372,4420.024207,8748
394,34700,Specialty Chemicals,2678.249259,1133.991145,3803.208978,16287
395,64400,Auto Parts,NULL,NULL,7351.998691,24608
396,741300,Auto Parts,11032.43367,4140.432624,13532.83947,49693
397,44913,Industrial Conglomerates,1161.770564,463.8326668,1397.690978,4531
398,592000,Specialty Chemicals,931.4647609,1045.981459,1319.255493,4299
399,717030,Automobiles,24664.35188,8991.883142,31718.50928,49998
400,1466250,Specialty Chemicals,4599.940884,2033.111834,5774.649077,8276
401,540000,Automobiles,17910.74076,4026.476498,22374.74756,31314
402,960000,Paper & Related Products,1553.600968,900.3930974,1815.156394,3668
403,154233,Specialty Chemicals,977.7430317,776.3110966,1536.143178,5814
404,594414,Specialty Chemicals,2143.820207,910.465584,3003.051358,3405
405,506560,Industrial Conglomerates,3875.343161,1637.0135,4918.955235,22850
406,260030,Auto Parts,4983.255944,2335.677941,5957.021589,42251
407,129526.9922,Auto Parts,2040.070036,689.0221452,2437.452765,9628
408,313214,Specialty Chemicals,1126.365596,554.5562294,1437.900842,2078
409,17401,Oil & Gas Storage & Transportation,6056.63421,457.7909544,6468.084608,1999
410,18800,Specialty Chemicals,404.6256655,133.9943241,596.5456852,1425
411,59062,Auto Parts,2976.989244,1539.604483,3862.816387,17263
412,8335864,Cement Manufacturers,NULL,NULL,2233.92981,2974
413,3921000,Paper & Related Products,3715.012435,3004.893235,4750.529897,10551
414,72963,Specialty Chemicals,NULL,500.8036753,1339.284793,3470
415,367000,Specialty Chemicals,964.2468562,594.5983606,1330.128312,2429
416,211728,Auto Parts,3881.662259,880.4260835,4517.003033,19390
417,58000,Paper & Related Products,244.1866151,126.9916325,297.5387612,1270
418,89777,Specialty Chemicals,1993.650198,835.7509268,2572.294039,8274
419,937161,Auto Parts,15158.51389,8346.549962,19708.49275,64641
420,267000,Specialty Chemicals,NULL,NULL,1148.708364,3497
421,555904,Automobiles,NULL,NULL,14830.05407,53977
422,397000,Auto Parts,NULL,NULL,4179.414571,26156
423,1390,Computer Storage & Peripherals,NULL,NULL,482.8741068,506
424,253327,Industrial Conglomerates,NULL,NULL,2902.148534,6885
425,39273,Auto Parts,988.0279543,346.1067153,1246.225266,3870
426,31900,Auto Parts,1098.159074,820.1958172,1290.470604,4390
427,1787,Industrial Conglomerates,1918.292606,40.75263992,2138.285678,1251
428,3535,Specialty Chemicals,251.069736,96.07126102,425.3516217,948
429,70518,Specialty Chemicals,264.8031799,138.4610982,305.6803912,1206
430,299700,Auto Parts,11013.02722,2081.926023,-12611.74973,43103
431,556531,Auto Parts,6594.293221,2293.252485,7480.636445,39429
432,5517956,Cement Manufacturers,269.7026012,412.5991376,353.6422547,NULL
433,509920,Oil & Gas Equipment & Services,3502.531254,4615.725892,3987.873623,11000
434,597431,Waste & Disposal Services,512.5545796,395.8919245,646.4775774,2300
435,208559.51,Diversified Banks,NULL,1305.767947,9606.086912,46284
436,5604800,Coal,19552.07211,8498.957345,23779.09191,64473
437,2.36E+07,Industrial Conglomerates,7817.162182,8465.570327,8477.900236,7000
438,3260000,Aluminum,11712.06086,5581.551936,13720.989,43000
439,519291,Diversified Banks,NULL,NULL,95651.59567,204000
440,1.35E+07,Waste & Disposal Services,7073.227562,7847.932097,9824.275092,36000
441,11793.84,Capital Markets,1775.459002,409.7387261,3937.870519,NULL
442,85776,Specialty Chemicals,NULL,192.183871,1445.195311,2000
443,1.65E+07,Waste & Disposal Services,10495.7444,NULL,NULL,43700
444,107327,Software,2378.813597,NULL,NULL,14000
445,62526,Software,4413.854124,1376.205017,11484.05839,13277
446,107125.47,Oil & Gas Exploration & Production,104.0909879,519.9815734,171.4612605,26
447,61543,Diversified Banks,NULL,2647.867418,11117.12654,47397
448,2285370,Oil & Gas Storage & Transportation,4148.700618,11121.08464,5549.972383,2162
449,60584.11,Diversified Banks,NULL,3162.02298,15103.33694,42000
450,615126,Computer Storage & Peripherals,31999.86038,1604.299495,33361.3339,112421
451,32805.9,Capital Markets,1.00E-06,8600.418256,10854.01989,14469
452,214.03,Industrial Conglomerates,1550.926077,482.996123,1975.730814,NULL
453,2934000,Automobiles,155334.0902,92878.93941,193280.6756,298683
454,1.67E+07,Oil & Gas Refining & Marketing,67729.26185,21916.74413,74646.2719,93096
455,983190,Oil & Gas Exploration & Production,979.6044416,2761.577523,1717.035678,564
456,14382,Capital Markets,33.94044167,41.30559344,769.4685367,587
457,66545,Health Care  Services,2823.090768,877.3497871,4115.16314,35000
458,1801,Software,198.2355044,NULL,NULL,2664
459,1082996.9,Auto Parts,6094.498907,NULL,NULL,25000
460,193759,Diversified Banks,NULL,NULL,NULL,204000
461,25158,Capital Markets,NULL,NULL,NULL,36600
462,3382.280029,Capital Markets,46.38002049,173.3300919,253.8281621,NULL
463,18586,Diversified Banks,NULL,407.6676815,3170.684474,NULL
464,1796000,Industrial Conglomerates,6059.528833,5386.014133,7420.780204,32241
465,6786,Specialty Chemicals,702.9455421,170.9228469,912.2641009,6449
466,113558,Oil & Gas Equipment & Services,263.0505485,1615.269012,321.789041,417
467,13054.31,Diversified Banks,NULL,2947.603638,5319.791849,22215
468,4375338.2,Industrial Conglomerates,1426.635938,1318.609777,1762.919046,2109
469,89943,Diversified Banks,NULL,1262.515993,15081.48523,NULL
470,174733,Oil & Gas Storage & Transportation,104.6666376,775.6314935,206.7095052,236
471,9304.936,Diversified Banks,NULL,471.1853089,17586.29873,10017
472,20417,Diversified Banks,NULL,387.7424345,2154.366672,6285
473,1752,Diversified Banks,NULL,18.101,467.397,1013
474,3102,Diversified Banks,NULL,55.70842385,714.3203929,NULL
475,10409.58,Capital Markets,2815.239291,629.1966856,13894.18933,14900
476,1119790,Oil & Gas Storage & Transportation,1120.111417,7895.592598,1957.627995,1470
477,213700,Capital Markets,NULL,NULL,49114.52573,60348
478,581724.25,Oil & Gas Storage & Transportation,22780.46776,1959.497762,24416.23724,17034
479,5405641,Oil & Gas Exploration & Production,11187.15817,27472.82037,16895.81664,2800
480,20490,Specialty Chemicals,276.6662553,114.472914,455.1075733,750
481,1.50E+07,Oil & Gas Refining & Marketing,26371.88627,8368.020624,29745.06919,NULL
482,3253,Computer Storage & Peripherals,53.82597295,36.61691212,82.95602962,463
483,640.5,Regional Banks,NULL,104.5916709,507.3083416,1518
484,4047,Software,206.2998187,11.881825,422.1312113,4100
485,1419000,Oil & Gas Equipment & Services,2670.416415,19969.9004,2940.491509,6700
486,1003528,Oil & Gas Exploration & Production,568.7260776,986.8328054,976.009944,399
487,17823,Specialty Chemicals,272.410793,109.9471034,582.410837,1219
488,50778.82,Diversified Banks,NULL,1786.577629,14878.13807,49410
489,16060.36,Computer Storage & Peripherals,7048.047811,124.8385829,7862.397723,7338
490,58470.10156,Software,3090.536065,306.8727174,4021.493642,8359
491,32800,Oil & Gas Equipment & Services,343.2041163,23.77337705,601.3245474,547
492,272000,Auto Parts,1949.435453,912.09391,2277.289551,12990
493,100300,Specialty Chemicals,556.7451266,224.8335602,707.396425,1532
494,10796,Auto Parts,1383.74788,509.7550193,1612.879153,6472
495,42334,Auto Parts,2240.840451,388.4775804,2919.942317,10000
496,1.23E+07,Oil & Gas Exploration & Production,15204.85564,19478.88552,16686.91193,5157
497,787101,Oil & Gas Exploration & Production,292.1062733,2673.15843,359.0185101,53
498,9248,Software,364.4264986,NULL,NULL,4500
499,296204,Health Care  Services,8587.162855,NULL,NULL,77700
500,487,Regional Banks,NULL,NULL,NULL,1206
501,32957.06,Capital Markets,874.612749,647.1038385,5257.266117,7022
502,919000,Specialty Chemicals,7132.491594,3314.2596,13234.45168,28000
503,27663.93,Computer Storage & Peripherals,1648.623813,134.0784668,1977.15232,2585
504,162602,Specialty Chemicals,3310,1759,5527,13598
505,18327,Software,NULL,202.8849062,1994.264989,1990
506,77820.6,Diversified Banks,NULL,239.2331657,6475.032851,60000
507,437162,Specialty Chemicals,993.3884477,1502.711147,2229.739473,6427
508,10453,Software,5381.81406,324.6656135,6735.20938,8732
509,763118.85,Industrial Conglomerates,1822.00348,991.9934237,2265.219094,117867
510,178129,Hotels,1479.620788,323.9296278,1667.641244,NULL
511,922000,Specialty Chemicals,3524,3152,5542,15375
512,233262,Diversified Banks,NULL,11887.42049,54347.05325,119390
513,895594.53,Oil & Gas Exploration & Production,829.0606276,3661.275483,1049.066335,441
514,54051.60156,Software,429.7610574,649.4150407,1095.920874,7411
515,183919.68,Oil & Gas Exploration & Production,172.6116156,1154.059793,199.4411379,72
516,29357,Thrifts & Mortgage Finance,NULL,1144.93152,7343.174431,18167
517,4391.7,Capital Markets,7.452349996,27.19824806,30.30137288,227
518,382663,Industrial Conglomerates,24895.09889,3315.158205,26590.09565,81003
519,158,Diversified Banks,NULL,296.3016479,29920.96119,3899
520,1.43E+08,Cement Manufacturers,16166,27890,27466,77055
521,88778,Gambling,2878.538631,1555.647217,4728.06767,12100
522,1171,Diversified Banks,NULL,2074.92687,7736.922825,26181
523,19286,Gambling,863.1950008,170.2626352,2446.089116,7901
524,4725098,Industrial Conglomerates,8525.565123,1670.15862,9494.697542,132
525,62714,Computer Storage & Peripherals,3328.204691,153.7798948,3846.56375,2326
526,80.1,Software,236.1770166,3.367589119,267.5789767,1697
527,3511670,Oil & Gas Exploration & Production,3856.607567,9251.683616,5405.709261,2065
528,2580.810059,Capital Markets,26.64649649,79.64815902,176.0554936,1722
529,354.3999939,Diversified Banks,NULL,95.9817566,954.7658946,1251
530,153217,Paper & Related Products,2508.106992,-2412.849595,2715.398798,4580
531,2162000,Oil & Gas Refining & Marketing,10222.19551,1218.357019,10987.79542,2251
532,927,Diversified Banks,NULL,97.017,304.674,448
533,2215390,Cement Manufacturers,2233.230072,648.3784085,2745.682841,8116
534,61300.43,Diversified Banks,NULL,1675.105728,10702.19483,13150
535,30934.07,Computer Storage & Peripherals,953.6147221,96.32483905,1031.875613,7223
536,221900,Specialty Chemicals,1179.703793,NULL,NULL,4772
537,867468.7,Coal,925.3986764,NULL,NULL,6500
538,395633.96,Oil & Gas Exploration & Production,1184.826394,NULL,NULL,408
539,66398.98,Software,3044.462447,NULL,NULL,12578
540,5592,Software,228.9003281,17.7651018,822.9190469,5744
541,7.85E+07,Aluminum,24342.56333,15119.4035,26445.91184,65211
542,34161,Diversified Banks,NULL,4699.149563,51067.01758,75811
543,5360000,Oil & Gas Exploration & Production,4057.976135,16443.26766,5775.301459,2400
544,948.4,Regional Banks,NULL,61.544,401.531008,800
545,17332,Diversified Banks,NULL,515.224698,3374.238513,NULL
546,251,Diversified Banks,NULL,5.774329766,1809.674949,69
547,5798,Diversified Banks,0,30.06042097,4580.030532,3382
548,35.9,Diversified Banks,NULL,1.801558333,555.7807458,574
549,31580,Gambling,602.8394069,195.5931192,2116.923393,15929
550,33504.52,Diversified Banks,NULL,1880.244945,12590.5548,21498
551,457407,Oil & Gas Equipment & Services,8878.481453,203.5022522,9806.291529,60000
552,106,Regional Banks,NULL,NULL,NULL,NULL
553,25767.62,Capital Markets,NULL,709.8091449,3935.695352,14217
554,25030,Diversified Banks,NULL,613.2258503,1808.204225,8937
555,4244,Computer Storage & Peripherals,457.1234901,85.37390397,571.6906385,1405
556,93104.51,Computer Storage & Peripherals,4455.071131,681.9357958,5055.628504,17805
557,6270000,Industrial Conglomerates,16219.18361,8550.4209,32061.63204,93516
558,954944,Oil & Gas Exploration & Production,1128.787661,8298.661986,1059.580918,2000
559,2313463,Oil & Gas Exploration & Production,3479.663163,18023.59837,4365.235481,2330
560,30678,Diversified Banks,NULL,162.094973,1889.541505,13475
561,458878.19,Auto Parts,2934.193334,1422.418368,3498.660631,23273
562,233106,Gambling,278.9731592,664.6851377,843.6723416,25844
563,60955,Diversified Banks,NULL,625.4198293,3289.232641,NULL
564,323868,Oil & Gas Equipment & Services,4417.097727,2041.21973,5620.693254,26500
565,3691,Gambling,380.1287479,128.7294432,812.9505647,1493
566,2864900,Automobiles,12935.44059,6706.811167,15205.87101,221000
567,5654,Computer Storage & Peripherals,432.8855747,127.4276324,649.0525254,2053
568,31499,Capital Markets,NULL,340.4219684,5897.25993,10573
569,2.03E+07,Oil & Gas Exploration & Production,25237.34326,44716.99866,35591.20039,10800
570,62954,Diversified Banks,NULL,6171.446717,11757.08668,14046
571,1447530,Oil & Gas Exploration & Production,1109.259079,3887.727059,2288.805201,955
572,27324,Hotels,69.21239894,166.3802879,109.0876808,2003
573,3258781.35,Industrial Conglomerates,59701.95031,23603.15035,90616.55701,NULL
574,61.1,Diversified Banks,NULL,NULL,NULL,NULL
575,7031,Diversified Banks,NULL,207.1792083,6667.567391,15879
576,153079.22,Diversified Banks,NULL,13388.78156,50173.39566,86659
577,1161573,Computer Storage & Peripherals,7672.858456,1746.666966,10901.07329,43000
578,3056.4,Capital Markets,173.8835471,388.3005794,2383.06243,3633
579,147938,Diversified Banks,NULL,271.8618428,9971.615763,61940
580,8193165,Industrial Conglomerates,2169.652094,1701.167312,2895.307709,NULL
581,916022,Oil & Gas Exploration & Production,792.1232247,4014.215524,1152.085479,698
582,1611000,Oil & Gas Refining & Marketing,4742.779777,935.4421474,4819.489058,640
583,342.0920105,Regional Banks,NULL,93.71834515,198.1558786,1028
584,5400000,Cement Manufacturers,481.3776995,568.2430371,612.0026235,623
585,49412,Specialty Chemicals,522.3051784,193.4393362,678.5377652,253
586,87.7,Capital Markets,NULL,18.15826223,49.36318402,66
587,564543.3,Automobiles,12785.77064,3334.822135,15763.473,52400
588,148000,Auto Parts,5806.189378,1305.623624,7637.438322,28452
589,207574.91,Diversified Banks,NULL,9227.234086,33748.54242,59132
590,20443.09961,Gambling,70.23911494,383.7319469,389.1992405,880
591,57902.5,Paper & Related Products,181.1132844,NULL,NULL,2426
592,122255,Auto Parts,373.8728391,NULL,NULL,4044
593,110800,Auto Parts,1547.788306,NULL,NULL,10429
594,2446392,Hotels,3266.674842,NULL,NULL,12812
595,1191,Specialty Chemicals,36.22257439,NULL,NULL,378
596,3008,Auto Parts,49.45541067,37.45964866,70.00419971,613
597,10770,Specialty Chemicals,197.6677525,108.8591725,278.4699514,1046
598,4713,Thrifts & Mortgage Finance,NULL,300.2651478,1385.839144,2748
599,433467.74,Oil & Gas Exploration & Production,406.568265,-789.5644063,811.8638627,1073
600,23879,Auto Parts,604.5967942,71.028288,653.9897451,1693
601,505478.7,Oil & Gas Equipment & Services,693.1614828,2273.011574,727.8015153,3564
602,2758.840088,Capital Markets,NULL,165.483804,351.9569003,3317
603,1.39E+07,Oil & Gas Storage & Transportation,5608.862037,50209.46992,10038.421,7081
604,502084,Computer Storage & Peripherals,6024.485894,2864.750423,9695.889445,76647
605,6360.4,Diversified Banks,NULL,306.1364863,1193.199419,3261
606,88219.10156,Specialty Chemicals,236.6746576,177.1969481,603.1010148,3473
607,440651,Automobiles,9638.296194,2416.021228,12210.01486,34515
608,18955.2,Diversified Banks,NULL,2269.581837,5472.607177,20424
609,926603,Oil & Gas Exploration & Production,312.568918,1988.276285,362.8561525,NULL
610,296931,Oil & Gas Exploration & Production,263.6957903,1494.986344,393.5610671,68
611,1.42E+07,Cement Manufacturers,1194.257577,1082.295929,1745.322915,16053
612,966370,Specialty Chemicals,887.59638,549.9748317,1288.828851,7600
613,5263,Diversified Banks,NULL,435.9565178,584.6892271,NULL
614,33822.0415,Automobiles,853.5230975,353.2132852,1017.425013,NULL
615,596225,Cement Manufacturers,107.218884,60.91675072,108.0879425,486
616,35635,Auto Parts,39.18804969,15.52891533,43.41414223,316
617,94144.60156,Specialty Chemicals,208.5416774,NULL,NULL,293
618,68338.39844,Computer Storage & Peripherals,2434.640289,NULL,NULL,30817
619,5.97E+07,Cement Manufacturers,2927.037896,NULL,NULL,20301
620,49309.18,Computer Storage & Peripherals,838.3069965,225.7229689,943.2976262,10397
621,3593.820068,Diversified Banks,NULL,23.38750288,287.0408061,1509
622,451,Diversified Banks,NULL,60.88018418,596.545547,NULL
623,14575,Diversified Banks,NULL,147.4562326,1004.731797,3571
624,308338,Waste & Disposal Services,378.3164663,171.3911081,474.5885381,23
625,120046,Auto Parts,872.9970412,270.5571757,1050.336395,1067
626,1342631.14,Oil & Gas Exploration & Production,761.5036247,4399.44748,841.9076321,242
627,3635496.44,Oil & Gas Exploration & Production,1977.25788,7874.75472,2506.962767,1004
628,1603061,Oil & Gas Exploration & Production,678.8346305,3918.020029,949.1872167,269
629,552,Diversified Banks,NULL,65.31089453,585.0316593,1197
630,120.8,Capital Markets,NULL,1.958542582,15.53777115,166
631,12801,Oil & Gas Exploration & Production,35.47345625,301.8163267,51.21589869,97.30000305
632,1353800,Automobiles,12128.42684,4755.245562,14137.87918,63455
633,4768.95,Capital Markets,544.2600257,68.00803989,2216.866394,2301
634,6400,Capital Markets,NULL,NULL,2232.880128,NULL
635,2.82E+07,Oil & Gas Refining & Marketing,22418.61001,3610.54413,24909.2953,5285
636,5600,Oil & Gas Equipment & Services,375.0264625,99.22925965,416.6426126,1775
637,726,Capital Markets,871.7994165,104.6778698,2484.386889,NULL
638,61306,Software,2287.363308,324.1443111,3421.870129,NULL
639,2465.55,Gambling,519.0137843,48.83299505,1185.048832,1465
640,5.25E+07,Cement Manufacturers,3307.320251,5897.874481,5232.827828,57887
641,225,Oil & Gas Exploration & Production,0.554917869,0.609344063,0,NULL
642,286000,Software,4332.497275,2010.39636,13019.05629,35000
643,715352.89,Software,25562.54061,5690.774892,46241.73062,54309
644,26876,Capital Markets,367.9472219,9.781714623,1002.487165,946
645,66207.35,Diversified Banks,NULL,242.7023091,3961.136591,27739
646,1955,Capital Markets,4080.66799,2196.514836,4929.10823,19979
647,93852,Software,1669.870564,747.5795957,2950.989416,7993
648,952911,Gambling,7911.438885,14828.68829,13434.27884,51500
649,3490000,Oil & Gas Refining & Marketing,11298.67297,2419.905927,11787.64219,NULL
650,44.20000076,Capital Markets,4.278621674,1.377359311,27.32850954,NULL
651,1805399,Paper & Related Products,NULL,NULL,NULL,NULL
652,46572,Gambling,1790.369059,255.3939527,3832.476125,25565
653,2039487,Oil & Gas Exploration & Production,2797.172491,4340.73374,3309.660459,1040
654,50509.798,Paper & Related Products,518.7202452,755.2632503,898.0362389,NULL
655,7714,Regional Banks,NULL,NULL,NULL,NULL
656,3053,Computer Storage & Peripherals,93.265983,12.67792065,113.1363937,1731
657,1238.9,Auto Parts,842.7138197,59.68541959,1014.406626,426
658,3105000,Oil & Gas Refining & Marketing,15350.47825,4315.734067,17238.68408,5413
659,14538,Software,1412.258223,117.2379644,1746.72127,9052
660,93302,Oil & Gas Exploration & Production,89.93473038,199.7541515,149.4993448,NULL
661,740000,Waste & Disposal Services,1111.910129,911.3046553,1289.433066,NULL
662,36135,Diversified Banks,NULL,1282.18877,8735.451109,49745
663,6611,Capital Markets,NULL,208.3746772,2806.859135,2996
664,12756,Software,1197.282899,148.6855217,3110.020659,14800
665,873215.59,Oil & Gas Equipment & Services,1460.949691,6544.428356,1218.27352,4888
666,41120,Auto Parts,1145.590308,233.7139232,1297.119139,11401
667,156151,Automobiles,2020.597168,255.6721122,2465.078774,6200
668,33531.46,Diversified Banks,NULL,117.7860947,4868.048079,21136
669,3973,Diversified Banks,NULL,677,3189,NULL
670,251249,Oil & Gas Equipment & Services,5019.476991,702.2621802,5707.868002,11500
671,261547,Diversified Banks,NULL,24143.29401,147785.1662,345971
672,9521.31,Computer Storage & Peripherals,1039.644111,97.04192019,1323.695738,1712
673,15770.67,Diversified Banks,NULL,NULL,NULL,NULL
674,759000,Aluminum,5240.504759,3227.537898,5884.48545,10366
675,2222830,Automobiles,13476.16657,2254.526405,15460.00001,139602
676,89415.59,Computer Storage & Peripherals,517.7390122,170.2485188,652.746965,9093
677,18840,Capital Markets,280.001502,342.4870795,3758.007776,12179
678,6381.629883,Capital Markets,605.2750531,860.5817024,5952.06762,10391
679,1760133.21,Auto Parts,1749.213607,2436.788812,2990.90598,27067
680,1001.570007,Software,6.036936623,7.965422772,51.19821773,739
681,5091249,Oil & Gas Exploration & Production,3970.330393,20278.38905,8643.367989,3118
682,10552,Software,NULL,480.6057813,1433.001264,5800
683,2513000,Oil & Gas Storage & Transportation,673.3389181,2927.981025,852.09973,NULL
684,3208.120117,Capital Markets,338.6144769,25.87534674,1061.339342,1212
685,6348594,Oil & Gas Refining & Marketing,11584.77681,1255.462862,11858.01001,1946
686,7470.6,Capital Markets,NULL,16.30927914,169.3643687,410
687,69184,Automobiles,1351.876846,307.423007,1604.739366,6515
688,7043,Capital Markets,NULL,77.03600824,2830.746879,NULL
689,190836,Hotels,2604.854708,696.715459,3846.613019,24500
690,34762.40234,Specialty Chemicals,610.9755928,209.8865615,677.8478556,1405
691,5667000,Oil & Gas Refining & Marketing,35035.24919,8827.021807,39374.738,9476
692,755000,Waste & Disposal Services,1273.866422,475.4067925,1419.715085,7935
693,135,Capital Markets,16.15018332,0.473799454,343.6549445,124
694,53929.97,Diversified Banks,NULL,42734.98239,172210.9949,449296
695,1940000,Oil & Gas Refining & Marketing,3264.295777,1912.371677,3479.289695,10842
696,317894,Specialty Chemicals,2208.748118,1196.54853,3649.120032,9647
697,18293,Oil & Gas Equipment & Services,244.4444167,163.4804843,229.2097263,4615
698,1058,Capital Markets,NULL,15.33892959,968.2165178,NULL
699,303.33,Capital Markets,NULL,1.413333804,379.6728538,253
700,301479,Gambling,3775.26688,5584.753607,5047.782362,21413
701,431062,Hotels,736.6216245,238.6480555,1108.591632,4431
702,3150000,Paper & Related Products,4509.079825,2549.07833,5337.897232,10000
703,2488.899902,Specialty Chemicals,15.59391866,9.203114694,17.8707876,NULL
704,32175,Waste & Disposal Services,224.5755194,429.1395351,287.1459482,1277
705,185831,Diversified Banks,NULL,3166.557862,44230.67568,56415
706,119624,Automobiles,2834.156631,743.3673669,3436.867383,NULL
707,202233,Diversified Banks,NULL,6288.403531,22522.89497,77211
708,303.9,Capital Markets,10.68478513,2.267251875,271.0930137,98
709,38834.84,Diversified Banks,NULL,1773.776786,22346.44508,48012
710,46233.9,Diversified Banks,NULL,1063.295894,7914.474654,NULL
711,9758,Diversified Banks,NULL,167.0386009,1205.41497,NULL
712,44140.24,Diversified Banks,NULL,-964.5324982,8842.830786,NULL
713,497.2460022,Capital Markets,2.473696288,1.920502715,14.50489386,NULL
714,19338,Diversified Banks,NULL,1681.03212,5968.981267,NULL
715,4388727,Paper & Related Products,6403.459093,5484.761945,8642.301547,26493
716,4388727,Paper & Related Products,6435.219165,5714.787249,8685.165899,26493
717,368495,Oil & Gas Exploration & Production,1006.409194,1002.336189,1292.208181,1184
718,1.29E+07,Oil & Gas Refining & Marketing,44997.84629,12272.75789,48484.59262,1864
719,19691,Software,1233.095378,1110.570003,8796.341752,24200
720,1050741,Oil & Gas Exploration & Production,1843.626041,5984.770095,3633.437832,1493
721,11164.8,Diversified Banks,NULL,136.3547122,755.36729,4005
722,2001.7,Capital Markets,10.15030641,NULL,NULL,1499
723,1440000,Coal,874.9177684,NULL,NULL,1600
724,34307,Auto Parts,1282.595282,188.5468801,1501.96669,4470
725,12737,Auto Parts,173.6601306,110.3121182,202.1419208,2383
726,8978.52,Diversified Banks,NULL,3706.524954,13876.09438,37440
727,7555.27,Capital Markets,364.8655803,88.92613872,1403.200591,3112
728,2375.890137,Capital Markets,NULL,168.8782431,1300.769643,2135
729,163344,Gambling,2147.207494,2946.592215,2628.068383,18000
730,1815,Capital Markets,1.00E-06,3.80866,426.069184,315
731,1462390,Coal,1395.133404,240.0108701,1965.87901,2844
732,254562.4,Oil & Gas Exploration & Production,163.9340034,1983.893735,381.8239572,NULL
733,412499,Aluminum,985.6130779,331.3121149,1282.65083,3329
734,1220.339966,Capital Markets,NULL,NULL,NULL,NULL
735,143.9029999,Capital Markets,NULL,NULL,NULL,69
736,257799,Specialty Chemicals,NULL,NULL,NULL,140
737,8375,Specialty Chemicals,NULL,NULL,NULL,402
738,205518,Oil & Gas Exploration & Production,NULL,NULL,NULL,389
739,43672,Capital Markets,NULL,NULL,NULL,3744
740,90162,Waste & Disposal Services,886.3966122,321.0649577,1159.857504,2042
741,6.73E+07,Cement Manufacturers,8991.146919,7183.848996,11840.75819,52498
742,17792,Capital Markets,258.4987481,113.9070457,1995.118599,9004
743,79672.39,Diversified Banks,NULL,443.7207701,6969.990706,16016
744,1558100,Hotels,3720.382268,3530.546877,4358.385751,54000
745,1007.17,Regional Banks,NULL,3.716358637,382.5735992,886
746,5086,Diversified Banks,NULL,60.3,4105.4,6693
747,67601,Industrial Conglomerates,82056.8051,35325.23417,90280.73716,3952
748,1685501.5,Oil & Gas Exploration & Production,1125.346556,7404.806977,1274.45818,464
749,4540.900391,Hotels,14.72385415,40.28317565,NULL,NULL
750,125447.38,Oil & Gas Equipment & Services,262.0193468,799.7065812,NULL,NULL
751,748407.68,Gambling,1905.207931,7951.08231,NULL,NULL
752,7799.78,Health Care  Services,513.2291445,210.7006611,NULL,NULL
753,671174,Specialty Chemicals,1534.710527,921.2652858,NULL,NULL
754,2.59E+07,Aluminum,7300.850731,4321.58039,NULL,NULL
755,21880,Capital Markets,572.9966623,505.1724431,NULL,NULL
756,245668.94,Specialty Chemicals,11500.50162,1186.16282,NULL,NULL
757,1802435,Oil & Gas Exploration & Production,923.7453375,4459.531952,NULL,NULL
758,36122,Health Care  Services,1205.71964,888.4517332,NULL,NULL
759,462.47,Capital Markets,67.63500385,9.27043489,592.7855549,522
760,2140559,Oil & Gas Exploration & Production,1883.384751,5017.114635,2063.179395,537
761,71661.39844,Diversified Banks,NULL,2669.552895,32460.48404,44982
762,283029,Coal,372.7582862,856.9290201,578.0304966,1938
763,32989,Oil & Gas Equipment & Services,222.3729678,386.9390546,236.3431985,2071
764,8912.1,Diversified Banks,NULL,265.6297208,3686.171249,17357
765,1.56E+07,Cement Manufacturers,1123.652901,3173.165248,2440.298339,16793
766,809005,Gambling,5211.666481,15700.56115,8210.869967,66000
767,7200000,Oil & Gas Storage & Transportation,9566.235953,12650.86537,10328.31741,2460
768,26800,Auto Parts,453.8388392,388.2671341,454.7764839,789
769,6370,Diversified Banks,NULL,583.6456896,676.8723165,3900
770,18665.97,Regional Banks,NULL,659.8919921,2924.607576,NULL
771,101000,Aluminum,1105.35454,863.942516,1272.158759,467
772,51018,Auto Parts,966.7683159,281.0089129,1252.036374,8865
773,111648.58,Oil & Gas Exploration & Production,837.6770443,3385.431419,869.5527551,380
774,30735.091,Auto Parts,287.9115411,79.04337187,352.6550437,1557
775,159024,Gambling,772.9326873,3621.145365,1248.808411,10735
776,105569,Gambling,719.8866386,2018.659021,1876.974761,NULL
777,1695,Software,254.9447432,15.4775135,327.7879132,1848
778,4.44E+07,Oil & Gas Refining & Marketing,86594.2947,44090.73757,94072.24349,60350
779,896897,Oil & Gas Storage & Transportation,150.4782278,2087.455814,331.5748738,699
780,6782.7,Diversified Banks,NULL,1927.839678,4761.473059,15924
781,370963.71,Auto Parts,10441.92509,3110.756242,14125.1231,143000
782,24700,Specialty Chemicals,257.4356721,102.7802934,324.4550791,1232
783,1520000,Auto Parts,3933.757247,2628.971728,4599.491164,22177
784,9404,Regional Banks,NULL,NULL,NULL,NULL
785,3.57E+07,Oil & Gas Refining & Marketing,101889.7432,NULL,NULL,14200
786,13550,Software,609.2913684,NULL,NULL,8154
787,180000,Gambling,1146.271357,NULL,NULL,18023
788,748000,Aluminum,3587.602598,1464.318875,4452.991136,13316
789,538750,Oil & Gas Exploration & Production,1038.025794,19934.64875,2129.538199,711
790,36370,Software,818.4204976,781.1306348,2773.182495,10500
791,3900000,Cement Manufacturers,659.2754835,1251.773742,1086.204538,4067
792,142966,Oil & Gas Refining & Marketing,6197.559358,-517.7361345,6962.284785,18031
793,1632,Capital Markets,NULL,0,8473.116797,6000
794,978.3,Software,4521.878821,220.3661581,6071.115834,NULL
795,39482,Specialty Chemicals,402.9617476,189.0370819,480.9256409,1098
796,11089,Diversified Banks,NULL,1019.120268,2124.548093,NULL
797,8032,Oil & Gas Storage & Transportation,3183.102765,558.675258,3668.409827,2000
798,478500,Oil & Gas Equipment & Services,3198.12162,13572.16881,4044.41269,623
799,966700,Aluminum,5957.982282,1863.604159,6564.054883,13000
800,324807,Auto Parts,3179.072814,912.2571748,3828.195846,13000
801,7356520,Cement Manufacturers,600.5363488,817.8493149,750.4832465,NULL
802,9431.570313,Auto Parts,11.83148191,13.61639605,4.890502494,133
803,31329,Hotels,187.1079171,1358.422626,454.7123009,4923
804,1032,Thrifts & Mortgage Finance,NULL,28.4641522,534.682125,NULL
805,6327.720215,Software,1228.133252,145.3049277,1363.577438,2097
806,1065438.61,Oil & Gas Exploration & Production,1607.687552,5516.979077,2427.386234,231
807,278.15,Thrifts & Mortgage Finance,NULL,4.801072702,282.7733841,213
808,530,Regional Banks,NULL,571.1541433,206.7177851,60
809,702.5,Capital Markets,8.700361503,6.148125977,5.445437289,117
810,3561.37,Software,327.8819276,50.35530551,511.0975441,8384
811,60226,Regional Banks,NULL,1607.729634,6997.489111,18100
812,34025,Oil & Gas Equipment & Services,2473.875651,366.1258986,3034.851733,NULL
813,110195,Auto Parts,4295.765204,1728.221059,5038.572375,4402
814,23733,Oil & Gas Storage & Transportation,NULL,NULL,1138.454656,NULL
815,3599405,Automobiles,109724.9691,30381.05863,127511.0596,198545
816,192806,Specialty Chemicals,3152.539599,1270.331473,4595.190724,14000
817,3750155,Oil & Gas Exploration & Production,1443.336098,6316.43018,2997.24642,1500
818,235938,Industrial Conglomerates,24305.26281,4470.798756,27711.30924,9374
819,2.34E+07,Cement Manufacturers,2752.337805,3394.592,3399.293105,NULL
820,162479,Diversified Banks,NULL,6081.4002,41842.71104,66888
821,143.6,Capital Markets,NULL,0.130569505,40.3459772,169
822,1585,Software,186.6854944,117.5991112,590.733491,874
823,116467,Oil & Gas Exploration & Production,92.88111523,519.8749954,144.7275635,569
824,4708.1,Software,161.8929262,23.86347357,704.4771179,3381
825,1570,Regional Banks,NULL,NULL,127.52,NULL
826,50110.76,Capital Markets,379.5293654,509.6476335,3607.016461,15236
827,6342200,Oil & Gas Refining & Marketing,22653.85865,7494.597339,24650.58675,6788
828,50501,Diversified Banks,NULL,1796.550768,16063.03564,12821
829,511.13,Software,25.14972522,5.894466848,136.3586664,505
830,6580000,Specialty Chemicals,11453.96052,5091.803987,16879.52077,17311
831,1089627,Auto Parts,12213.86232,6141.577139,16446.44604,92478
832,91773,Automobiles,1874.23773,982.2712364,3950.012272,3851
833,24943.59961,Capital Markets,300.3190771,85.02806737,2737.943863,7576
834,161,Software,NULL,3.815894208,94.82964939,293
835,3864.8,Capital Markets,2607.181491,49.22500639,5574.041363,4417
836,14498,Diversified Banks,NULL,115.2695739,1666.169296,5762
837,1692.6,Capital Markets,55.30669771,23.55566497,215.9926323,711
838,1244,Diversified Banks,NULL,NULL,NULL,NULL
839,768.9,Capital Markets,NULL,NULL,NULL,NULL
840,78.1,Regional Banks,NULL,NULL,NULL,NULL
841,12723.9,Diversified Banks,NULL,NULL,2726.638515,NULL
842,7137,Diversified Banks,NULL,58.36336035,474.1572694,NULL
843,123383.73,Diversified Banks,NULL,6463.735034,59054.64762,170809
844,53417.08,Diversified Banks,NULL,5144.927821,22701.20004,NULL
845,2.52E+07,Aluminum,10618.06102,8148.243858,13226.82986,14000
846,13303,Diversified Banks,NULL,1106.361583,4710.698223,NULL
847,3975,Diversified Banks,NULL,140.5840289,646.0398301,7300
848,18,Health Care  Services,28.75662789,2.530437016,50.8816306,117
849,659657,Auto Parts,8012.239403,4478.217932,9871.376106,43552
850,1031000,Oil & Gas Storage & Transportation,NULL,NULL,0,NULL
851,890,Software,25.85276209,1.899786305,92.90934302,312
852,3062669,Paper & Related Products,9662.770717,5818.245234,13342.7914,NULL
853,86021,Waste & Disposal Services,159.9969125,276.9190765,227.9423358,788
854,433.55,Thrifts & Mortgage Finance,NULL,3.264237637,418.2141261,577
855,175.15,Software,63.90066421,3.04325034,86.48282698,NULL
856,6407,Diversified Banks,NULL,133.9644506,1796.971423,4141
857,663000,Waste & Disposal Services,656.0805028,302.0136149,831.6074242,1128
858,4.87E+07,Aluminum,8091.612986,10108.50231,12155.09533,98401
859,7514924,Coal,1165.712602,2061.307054,1496.474352,1772
860,1555000,Auto Parts,36049.14073,7656.761269,42648.04478,148969
861,10607.49,Diversified Banks,NULL,NULL,NULL,NULL
862,93758,Oil & Gas Exploration & Production,61.52041776,1375.515294,89.73955313,416
863,2501.5,Software,242.5525655,30.03836771,791.5027803,0
864,292200,Hotels,1323.955079,319.0017411,1827.899547,16200
865,58465,Capital Markets,389.2775124,639.5708015,495.7156494,20000
866,472162,Oil & Gas Storage & Transportation,174498.4653,1901.477564,176641.0964,4316
867,60429,Diversified Banks,NULL,1257.649023,38372.73102,105458
868,1423965.78,Oil & Gas Storage & Transportation,NULL,NULL,NULL,NULL
869,16898.65,Automobiles,993.2422283,408.6825522,1431.694628,2532
870,2983522,Coal,1244.507989,1587.863458,1937.988418,0
871,2798000,Specialty Chemicals,NULL,NULL,5874.24,NULL
872,240,Capital Markets,NULL,NULL,NULL,NULL
